backend,dtype,category,shape,threads,runs,total_mean_ms,total_median_ms,total_std_ms,total_min_ms,total_max_ms,cv_percent,gflops_mean,gflops_median,checksum_min,checksum_max,autotuned,schedule
MKL,fp16,Small Square,256x256x256,1,5,4.511119,0.135663,7.813961,0.110675,18.155350,173.215584,171.113175,247.336650,-259.058982,-259.058982,,
MKL,fp16,Small Square,256x256x256,2,5,1.420900,0.128059,1.995752,0.111393,4.640257,140.456873,175.842081,262.023224,-259.058982,-259.058982,,
MKL,fp16,Small Square,256x256x256,4,5,1.182990,0.124377,1.515992,0.110058,3.352223,128.149193,179.979329,269.780040,-259.058982,-259.058982,,
MKL,fp16,Small Square,256x256x256,8,5,0.337325,0.113813,0.497422,0.109606,1.227063,147.460721,239.831597,294.820732,-259.058982,-259.058982,,
MKL,fp16,Small Square,256x256x256,16,5,0.574511,0.129488,0.665816,0.109936,1.583941,115.892574,182.614923,259.131595,-259.058982,-259.058982,,
MKL,fp16,Medium Square,1024x1024x1024,1,5,8.184528,7.219003,1.633362,6.786995,10.233092,19.956708,270.411617,297.476486,15358.713293,15358.713293,,
MKL,fp16,Medium Square,1024x1024x1024,2,5,8.944570,9.509686,2.078753,6.661319,11.405362,23.240391,251.328901,225.820668,15358.713293,15358.713293,,
MKL,fp16,Medium Square,1024x1024x1024,4,5,8.515131,7.205394,2.393143,6.963149,12.579334,28.104594,265.329026,298.038337,15358.713293,15358.713293,,
MKL,fp16,Medium Square,1024x1024x1024,8,5,9.037745,9.024728,2.073867,7.024566,12.331858,22.946727,246.870405,237.955498,15358.713293,15358.713293,,
MKL,fp16,Medium Square,1024x1024x1024,16,5,9.546107,7.303773,3.602574,7.242579,15.512488,37.738670,246.208661,294.023876,15358.713293,15358.713293,,
MKL,fp16,Large Square,4096x4096x4096,1,5,363.612728,331.529382,55.522969,314.549855,427.407794,15.269809,384.814808,414.560401,154678.290994,154678.290994,,
MKL,fp16,Large Square,4096x4096x4096,2,5,324.155931,320.147220,15.828878,309.375185,350.234585,4.883106,424.768718,429.299225,154678.290994,154678.290994,,
MKL,fp16,Large Square,4096x4096x4096,4,5,379.288718,344.963007,63.861431,317.742869,460.727858,16.837155,370.321576,398.416499,154678.290994,154678.290994,,
MKL,fp16,Large Square,4096x4096x4096,8,5,330.645486,324.934291,15.359455,313.725752,353.955952,4.645294,416.371369,422.974605,154678.290994,154678.290994,,
MKL,fp16,Large Square,4096x4096x4096,16,5,347.065296,325.084963,55.950908,312.787184,446.497956,16.121148,402.941987,422.778563,154678.290994,154678.290994,,
MKL,fp16,Rectangular,4096x1024x2048,1,5,53.897866,51.362234,8.582691,46.500183,67.226882,15.923991,324.765768,334.484462,-39989.737924,-39989.737924,,
MKL,fp16,Rectangular,4096x1024x2048,2,5,59.285906,59.343846,11.004114,46.400232,73.963281,18.561097,297.929478,289.497064,-39989.737924,-39989.737924,,
MKL,fp16,Rectangular,4096x1024x2048,4,5,60.080996,49.865959,15.672645,48.194049,82.748802,26.085862,300.337752,344.520982,-39989.737924,-39989.737924,,
MKL,fp16,Rectangular,4096x1024x2048,8,5,55.428394,51.740336,9.197088,47.711904,68.572515,16.592737,316.438971,332.040155,-39989.737924,-39989.737924,,
MKL,fp16,Rectangular,4096x1024x2048,16,5,55.121937,50.053476,11.409410,48.136572,75.310502,20.698493,320.393332,343.230292,-39989.737924,-39989.737924,,
MKL,fp16,Medium Rectangular,1024x1024x512,1,5,5.557506,4.775016,3.084174,3.364121,10.900643,55.495651,230.087546,224.866644,-9214.258289,-9214.258289,,
MKL,fp16,Medium Rectangular,1024x1024x512,2,5,5.190579,3.488027,2.866185,3.319600,10.017271,55.218974,247.499931,307.836443,-9214.258289,-9214.258289,,
MKL,fp16,Medium Rectangular,1024x1024x512,4,5,5.705211,3.464960,3.239441,3.320066,10.248978,56.780395,236.682806,309.885778,-9214.258289,-9214.258289,,
MKL,fp16,Medium Rectangular,1024x1024x512,8,5,5.777804,3.475464,3.480268,3.311028,10.978190,60.235138,238.181711,308.949200,-9214.258289,-9214.258289,,
MKL,fp16,Medium Rectangular,1024x1024x512,16,5,5.384142,5.068800,1.821787,3.471332,8.406744,33.836162,216.013386,211.833535,-9214.258289,-9214.258289,,
T-MAC W2A16,W2A16,Small Square,256x256x256,1,5,0.460862,0.459401,0.004932,0.455881,0.467617,1.070136,72.814659,73.039528,2031.432714,2031.432714,True,"unstable: mode bm=512,bn=64,kfactor=16 (2/5), 3 schedules"
T-MAC W2A16,W2A16,Small Square,256x256x256,2,5,0.299887,0.299541,0.004054,0.293756,0.304120,1.351770,111.906644,112.019496,2031.432714,2031.432714,True,"unstable: mode bm=512,bn=64,kfactor=16 (2/5), 4 schedules"
T-MAC W2A16,W2A16,Small Square,256x256x256,4,5,0.292070,0.340815,0.076256,0.205670,0.355934,26.108670,122.238771,98.453507,2031.432714,2031.432714,True,"unstable: mode bm=512,bn=16,kfactor=16 (2/5), 4 schedules"
T-MAC W2A16,W2A16,Small Square,256x256x256,8,5,0.288118,0.287962,0.002361,0.285228,0.291163,0.819443,116.466819,116.523819,2031.432714,2031.432714,True,"stable: bm=256,bn=64,kfactor=16 (5/5)"
T-MAC W2A16,W2A16,Small Square,256x256x256,16,5,0.288723,0.289219,0.002023,0.285833,0.290627,0.700609,116.221350,116.017385,2031.432714,2031.432714,True,"mostly stable: bm=256,bn=64,kfactor=16 (3/5), 2 schedules"
T-MAC W2A16,W2A16,Medium Square,1024x1024x1024,1,5,23.440148,22.822459,1.339334,22.137084,25.464958,5.713847,91.847961,94.095191,-10252.259860,-10252.259860,True,"unstable: mode bm=128,bn=64,kfactor=16 (2/5), 3 schedules"
T-MAC W2A16,W2A16,Medium Square,1024x1024x1024,2,5,13.058409,12.999925,0.501397,12.460470,13.772543,3.839651,164.644522,165.192003,-10252.259860,-10252.259860,True,"unstable: mode bm=256,bn=8,kfactor=16 (2/5), 4 schedules"
T-MAC W2A16,W2A16,Medium Square,1024x1024x1024,4,5,7.727803,7.517491,0.477934,7.330169,8.539817,6.184600,278.693125,285.664944,-10252.259860,-10252.259860,True,"unstable: mode bm=1024,bn=8,kfactor=16 (2/5), 4 schedules"
T-MAC W2A16,W2A16,Medium Square,1024x1024x1024,8,5,8.905080,8.866852,0.363133,8.569313,9.426870,4.077824,241.469100,242.192342,-10252.259860,-10252.259860,True,"unstable: mode bm=1024,bn=8,kfactor=16 (2/5), 4 schedules"
T-MAC W2A16,W2A16,Medium Square,1024x1024x1024,16,5,7.990788,7.772283,0.590876,7.428365,8.929809,7.394461,269.867457,276.300239,-10252.259860,-10252.259860,True,"mostly stable: bm=256,bn=8,kfactor=16 (3/5), 3 schedules"
T-MAC W2A16,W2A16,Large Square,4096x4096x4096,1,5,1646.081166,1664.725245,99.097157,1532.332630,1768.385888,6.020187,83.738055,82.559542,413552.598143,413552.598143,True,"unstable: mode bm=128,bn=16,kfactor=16 (2/5), 4 schedules"
T-MAC W2A16,W2A16,Large Square,4096x4096x4096,2,5,732.219782,735.940318,15.354823,714.039263,751.177536,2.097024,187.767913,186.752852,413552.598143,413552.598143,True,"mostly stable: bm=256,bn=32,kfactor=16 (3/5), 3 schedules"
T-MAC W2A16,W2A16,Large Square,4096x4096x4096,4,5,380.672820,381.560458,3.823495,375.249203,385.034088,1.004405,361.071441,360.202297,413552.598143,413552.598143,True,"mostly stable: bm=256,bn=16,kfactor=16 (3/5), 3 schedules"
T-MAC W2A16,W2A16,Large Square,4096x4096x4096,8,5,323.610446,320.573850,11.455020,311.964201,340.424526,3.539756,425.124315,428.727900,413552.598143,413552.598143,True,"unstable: mode bm=512,bn=16,kfactor=16 (1/5), 5 schedules"
T-MAC W2A16,W2A16,Large Square,4096x4096x4096,16,5,426.103571,435.729368,31.685343,377.715475,452.466038,7.436066,324.054519,315.422745,413552.598143,413552.598143,True,"unstable: mode bm=512,bn=64,kfactor=16 (1/5), 5 schedules"
T-MAC W2A16,W2A16,Rectangular,4096x1024x2048,1,5,190.229591,184.947226,20.894100,173.181643,226.499178,10.983623,91.095120,92.890656,14602.721931,14602.721931,True,"unstable: mode bm=512,bn=16,kfactor=16 (2/5), 4 schedules"
T-MAC W2A16,W2A16,Rectangular,4096x1024x2048,2,5,92.049540,91.515319,1.021779,91.004978,93.427278,1.110032,186.655533,187.726704,14602.721931,14602.721931,True,"unstable: mode bm=1024,bn=16,kfactor=16 (2/5), 4 schedules"
T-MAC W2A16,W2A16,Rectangular,4096x1024x2048,4,5,50.111945,49.083188,3.141137,47.145566,54.983450,6.268240,343.870008,350.015349,14602.721931,14602.721931,True,"unstable: mode bm=256,bn=32,kfactor=16 (2/5), 4 schedules"
T-MAC W2A16,W2A16,Rectangular,4096x1024x2048,8,5,45.948308,45.986719,2.644732,43.054649,50.095524,5.755886,374.858910,373.583277,14602.721931,14602.721931,True,"unstable: mode bm=512,bn=32,kfactor=16 (1/5), 5 schedules"
T-MAC W2A16,W2A16,Rectangular,4096x1024x2048,16,5,44.140723,43.477866,2.728688,41.604221,48.259369,6.181793,390.362308,395.140580,14602.721931,14602.721931,True,"unstable: mode bm=1024,bn=8,kfactor=16 (2/5), 4 schedules"
T-MAC W2A16,W2A16,Medium Rectangular,1024x1024x512,1,5,14.634614,12.618232,4.941904,12.044279,23.464905,33.768598,78.300067,85.094475,2323.015077,2323.015077,True,"mostly stable: bm=256,bn=8,kfactor=16 (4/5), 2 schedules"
T-MAC W2A16,W2A16,Medium Rectangular,1024x1024x512,2,5,8.206694,6.804307,3.117917,6.693913,13.778772,37.992358,141.704925,157.803260,2323.015077,2323.015077,True,"unstable: mode bm=256,bn=64,kfactor=16 (2/5), 4 schedules"
T-MAC W2A16,W2A16,Medium Rectangular,1024x1024x512,4,5,5.330869,4.185023,2.022441,3.767114,8.215396,37.938305,223.262309,256.567724,2323.015077,2323.015077,True,"unstable: mode bm=1024,bn=32,kfactor=16 (1/5), 5 schedules"
T-MAC W2A16,W2A16,Medium Rectangular,1024x1024x512,8,5,5.567119,4.609484,2.515242,4.218344,10.049641,45.180314,215.015863,232.941870,2323.015077,2323.015077,True,"unstable: mode bm=256,bn=8,kfactor=16 (1/5), 5 schedules"
T-MAC W2A16,W2A16,Medium Rectangular,1024x1024x512,16,5,4.465877,4.487577,0.421728,4.072121,5.128709,9.443343,242.069515,239.269838,2323.015077,2323.015077,True,"unstable: mode bm=256,bn=32,kfactor=16 (2/5), 4 schedules"
T-MAC W3A16,W3A16,Small Square,256x256x256,1,5,0.668243,0.650710,0.054852,0.630734,0.765055,8.208450,50.459766,51.565877,1700.125044,1700.125044,True,"unstable: mode bm=768,bn=16,kfactor=16 (2/5), 3 schedules"
T-MAC W3A16,W3A16,Small Square,256x256x256,2,5,0.462664,0.394522,0.156578,0.385822,0.742564,33.842711,77.410796,85.050851,1700.125044,1700.125044,True,"unstable: mode bm=384,bn=8,kfactor=16 (2/5), 4 schedules"
T-MAC W3A16,W3A16,Small Square,256x256x256,4,5,0.416886,0.448772,0.085870,0.264304,0.469099,20.597965,84.411411,74.769442,1700.125044,1700.125044,True,"unstable: mode bm=384,bn=32,kfactor=16 (1/5), 5 schedules"
T-MAC W3A16,W3A16,Small Square,256x256x256,8,5,0.330069,0.379619,0.070060,0.251295,0.383921,21.225808,105.792754,88.389759,1700.125044,1700.125044,True,"mostly stable: bm=384,bn=64,kfactor=16 (3/5), 2 schedules"
T-MAC W3A16,W3A16,Small Square,256x256x256,16,5,0.356348,0.380427,0.057490,0.253931,0.389887,16.133226,96.720861,88.202026,1700.125044,1700.125044,True,"mostly stable: bm=384,bn=64,kfactor=16 (3/5), 3 schedules"
T-MAC W3A16,W3A16,Medium Square,1024x1024x1024,1,5,33.681020,33.349888,2.096676,31.045934,36.845400,6.225097,63.954145,64.392530,-5410.264071,-5410.264071,True,"unstable: mode bm=768,bn=64,kfactor=16 (2/5), 4 schedules"
T-MAC W3A16,W3A16,Medium Square,1024x1024x1024,2,5,17.883857,17.684426,0.480842,17.440994,18.658372,2.688695,120.147497,121.433608,-5410.264071,-5410.264071,True,"unstable: mode bm=768,bn=8,kfactor=16 (2/5), 4 schedules"
T-MAC W3A16,W3A16,Medium Square,1024x1024x1024,4,5,10.398250,10.349298,0.671520,9.603379,11.141262,6.458013,207.215803,207.500417,-5410.264071,-5410.264071,True,"unstable: mode bm=768,bn=32,kfactor=16 (2/5), 4 schedules"
T-MAC W3A16,W3A16,Medium Square,1024x1024x1024,8,5,14.087316,13.067544,2.729847,12.260599,18.916902,19.378051,156.222517,164.337204,-5410.264071,-5410.264071,True,"unstable: mode bm=768,bn=16,kfactor=16 (2/5), 4 schedules"
T-MAC W3A16,W3A16,Medium Square,1024x1024x1024,16,5,10.657669,10.281066,0.723749,10.034664,11.792128,6.790874,202.208375,208.877528,-5410.264071,-5410.264071,True,"unstable: mode bm=768,bn=32,kfactor=16 (2/5), 3 schedules"
T-MAC W3A16,W3A16,Large Square,4096x4096x4096,1,5,2498.097640,2262.284820,658.911010,1766.245894,3414.028139,26.376511,58.080674,60.752277,401197.316422,401197.316422,True,"unstable: mode bm=192,bn=64,kfactor=16 (1/5), 5 schedules"
T-MAC W3A16,W3A16,Large Square,4096x4096x4096,2,5,1094.990192,1119.598873,74.039996,969.488106,1153.652403,6.761704,126.012207,122.757317,401197.316422,401197.316422,True,"unstable: mode bm=192,bn=8,kfactor=16 (2/5), 4 schedules"
T-MAC W3A16,W3A16,Large Square,4096x4096x4096,4,5,607.209604,631.802582,46.361415,546.749205,648.989558,7.635158,227.439502,217.534650,401197.316422,401197.316422,True,"mostly stable: bm=192,bn=32,kfactor=16 (3/5), 3 schedules"
T-MAC W3A16,W3A16,Large Square,4096x4096x4096,8,5,520.083430,529.392155,48.452358,462.221219,585.697882,9.316266,266.101852,259.616528,401197.316422,401197.316422,True,"unstable: mode bm=192,bn=64,kfactor=16 (2/5), 4 schedules"
T-MAC W3A16,W3A16,Large Square,4096x4096x4096,16,5,599.382172,599.434801,63.627281,515.974759,678.850297,10.615478,231.415278,229.280905,401197.316422,401197.316422,True,"unstable: mode bm=192,bn=16,kfactor=16 (1/5), 5 schedules"
T-MAC W3A16,W3A16,Rectangular,4096x1024x2048,1,5,256.461188,275.046955,43.984126,199.844254,300.893395,17.150402,68.710589,62.461587,6093.842096,6093.842096,True,"mostly stable: bm=384,bn=64,kfactor=16 (4/5), 2 schedules"
T-MAC W3A16,W3A16,Rectangular,4096x1024x2048,2,5,131.937086,131.710203,3.728919,126.378878,136.049753,2.826285,130.296874,130.436889,6093.842096,6093.842096,True,"unstable: mode bm=192,bn=16,kfactor=16 (1/5), 5 schedules"
T-MAC W3A16,W3A16,Rectangular,4096x1024x2048,4,5,75.802063,73.906900,7.112069,68.658202,84.761991,9.382422,228.215247,232.452845,6093.842096,6093.842096,True,"unstable: mode bm=384,bn=8,kfactor=16 (2/5), 4 schedules"
T-MAC W3A16,W3A16,Rectangular,4096x1024x2048,8,5,71.889389,73.204279,9.147978,62.962697,85.285641,12.725074,241.995045,234.683948,6093.842096,6093.842096,True,"unstable: mode bm=384,bn=64,kfactor=16 (1/5), 5 schedules"
T-MAC W3A16,W3A16,Rectangular,4096x1024x2048,16,5,63.985703,66.658447,7.161282,55.639967,71.886022,11.192004,271.281980,257.729815,6093.842096,6093.842096,True,"unstable: mode bm=192,bn=8,kfactor=16 (2/5), 4 schedules"
T-MAC W3A16,W3A16,Medium Rectangular,1024x1024x512,1,5,17.654442,17.832168,3.589308,13.621587,21.576153,20.330907,62.940046,60.213757,2688.264268,2688.264268,True,"unstable: mode bm=768,bn=64,kfactor=16 (2/5), 4 schedules"
T-MAC W3A16,W3A16,Medium Rectangular,1024x1024x512,2,5,9.319254,9.470799,0.719521,8.449355,10.320682,7.720804,115.765150,113.373943,2688.264268,2688.264268,True,"unstable: mode bm=768,bn=32,kfactor=16 (1/5), 5 schedules"
T-MAC W3A16,W3A16,Medium Rectangular,1024x1024x512,4,5,6.080238,5.902071,0.858020,5.211694,7.316231,14.111618,179.316969,181.926280,2688.264268,2688.264268,True,"mostly stable: bm=768,bn=16,kfactor=16 (3/5), 3 schedules"
T-MAC W3A16,W3A16,Medium Rectangular,1024x1024x512,8,5,5.952683,6.237089,0.921627,4.513790,6.850177,15.482549,184.375003,172.154321,2688.264268,2688.264268,True,"unstable: mode bm=768,bn=64,kfactor=16 (2/5), 4 schedules"
T-MAC W3A16,W3A16,Medium Rectangular,1024x1024x512,16,5,5.512757,5.692750,0.665005,4.595903,6.262212,12.063026,197.172784,188.615664,2688.264268,2688.264268,True,"unstable: mode bm=384,bn=64,kfactor=16 (1/5), 5 schedules"
T-MAC W4A16,W4A16,Small Square,256x256x256,1,5,0.873953,0.853521,0.105175,0.777416,1.051015,12.034348,38.799482,39.312954,889.251963,889.251963,True,"unstable: mode bm=1024,bn=32,kfactor=16 (2/5), 3 schedules"
T-MAC W4A16,W4A16,Small Square,256x256x256,2,5,0.505331,0.484518,0.055989,0.466069,0.600253,11.079590,66.993369,69.253221,889.251963,889.251963,True,"unstable: mode bm=1024,bn=64,kfactor=16 (2/5), 3 schedules"
T-MAC W4A16,W4A16,Small Square,256x256x256,4,5,0.315403,0.304221,0.040935,0.281577,0.386495,12.978595,107.655320,110.296239,889.251963,889.251963,True,"unstable: mode bm=1024,bn=32,kfactor=16 (2/5), 4 schedules"
T-MAC W4A16,W4A16,Small Square,256x256x256,8,5,0.284231,0.278925,0.026919,0.261556,0.329937,9.470715,118.833718,120.299120,889.251963,889.251963,True,"unstable: mode bm=256,bn=16,kfactor=16 (2/5), 4 schedules"
T-MAC W4A16,W4A16,Small Square,256x256x256,16,5,0.294987,0.281838,0.049938,0.244657,0.376101,16.928926,116.139209,119.055741,889.251963,889.251963,True,"unstable: mode bm=128,bn=64,kfactor=16 (2/5), 4 schedules"
T-MAC W4A16,W4A16,Medium Square,1024x1024x1024,1,5,47.452775,49.687122,5.858490,41.385894,54.604235,12.345937,45.820888,43.220125,-2796.425557,-2796.425557,True,"unstable: mode bm=1024,bn=8,kfactor=16 (2/5), 4 schedules"
T-MAC W4A16,W4A16,Medium Square,1024x1024x1024,2,5,22.533577,21.069338,3.173105,20.929342,28.199914,14.081676,96.592434,101.924591,-2796.425557,-2796.425557,True,"unstable: mode bm=128,bn=32,kfactor=16 (2/5), 4 schedules"
T-MAC W4A16,W4A16,Medium Square,1024x1024x1024,4,5,14.393427,13.361271,2.589663,12.758766,18.938492,17.991982,152.449278,160.724504,-2796.425557,-2796.425557,True,"unstable: mode bm=128,bn=32,kfactor=16 (1/5), 5 schedules"
T-MAC W4A16,W4A16,Medium Square,1024x1024x1024,8,5,14.225072,13.124263,2.721667,12.821653,19.088017,19.132889,154.572488,163.626990,-2796.425557,-2796.425557,True,"unstable: mode bm=256,bn=8,kfactor=16 (2/5), 4 schedules"
T-MAC W4A16,W4A16,Medium Square,1024x1024x1024,16,5,13.547838,12.314391,2.559254,12.037248,18.054988,18.890500,162.275464,174.388132,-2796.425557,-2796.425557,True,"unstable: mode bm=128,bn=16,kfactor=16 (1/5), 5 schedules"
T-MAC W4A16,W4A16,Large Square,4096x4096x4096,1,5,2243.091733,2230.487506,101.454630,2143.633473,2393.420573,4.522982,61.370570,61.618347,427860.020024,427860.020024,True,"mostly stable: bm=128,bn=64,kfactor=16 (3/5), 3 schedules"
T-MAC W4A16,W4A16,Large Square,4096x4096x4096,2,5,1374.138246,1387.305945,96.822057,1244.555581,1510.097038,7.046020,100.416855,99.068957,427860.020024,427860.020024,True,"unstable: mode bm=256,bn=8,kfactor=16 (2/5), 4 schedules"
T-MAC W4A16,W4A16,Large Square,4096x4096x4096,4,5,884.690509,826.430887,116.508837,805.770237,1084.733384,13.169446,157.264122,166.304231,427860.020024,427860.020024,True,"unstable: mode bm=256,bn=64,kfactor=16 (2/5), 4 schedules"
T-MAC W4A16,W4A16,Large Square,4096x4096x4096,8,5,738.030420,712.418761,78.178944,672.404508,870.806523,10.592916,187.750061,192.918773,427860.020024,427860.020024,True,"unstable: mode bm=256,bn=16,kfactor=16 (1/5), 5 schedules"
T-MAC W4A16,W4A16,Large Square,4096x4096x4096,16,5,713.972280,671.332637,81.970216,654.947037,852.388091,11.480868,194.338634,204.725565,427860.020024,427860.020024,True,"unstable: mode bm=128,bn=32,kfactor=16 (2/5), 3 schedules"
T-MAC W4A16,W4A16,Rectangular,4096x1024x2048,1,5,271.429399,273.531722,11.163732,258.625180,285.656756,4.112941,63.379811,62.807593,36416.289467,36416.289467,True,"mostly stable: bm=128,bn=64,kfactor=16 (3/5), 3 schedules"
T-MAC W4A16,W4A16,Rectangular,4096x1024x2048,2,5,176.515994,173.782093,11.370071,161.455932,192.257197,6.441383,97.650874,98.858685,36416.289467,36416.289467,True,"unstable: mode bm=256,bn=8,kfactor=16 (2/5), 4 schedules"
T-MAC W4A16,W4A16,Rectangular,4096x1024x2048,4,5,111.260577,104.054383,14.114273,100.984673,134.886215,12.685781,156.206331,165.104714,36416.289467,36416.289467,True,"unstable: mode bm=128,bn=32,kfactor=16 (2/5), 4 schedules"
T-MAC W4A16,W4A16,Rectangular,4096x1024x2048,8,5,94.291576,91.422475,6.987389,90.312613,106.752505,7.410407,182.931524,187.917349,36416.289467,36416.289467,True,"mostly stable: bm=256,bn=8,kfactor=16 (3/5), 3 schedules"
T-MAC W4A16,W4A16,Rectangular,4096x1024x2048,16,5,90.320368,86.543672,8.922333,84.523193,105.859252,9.878540,191.552135,198.510980,36416.289467,36416.289467,True,"unstable: mode bm=1024,bn=32,kfactor=16 (1/5), 5 schedules"
T-MAC W4A16,W4A16,Medium Rectangular,1024x1024x512,1,5,18.163977,17.648935,1.380550,17.314691,20.617605,7.600482,59.363603,60.838902,1349.574833,1349.574833,True,"mostly stable: bm=1024,bn=64,kfactor=16 (4/5), 2 schedules"
T-MAC W4A16,W4A16,Medium Rectangular,1024x1024x512,2,5,11.716255,11.632085,0.412585,11.235057,12.360854,3.521475,91.734869,92.308629,1349.574833,1349.574833,True,"unstable: mode bm=256,bn=8,kfactor=16 (2/5), 3 schedules"
T-MAC W4A16,W4A16,Medium Rectangular,1024x1024x512,4,5,8.153019,8.206064,0.509593,7.432346,8.859697,6.250360,132.114490,130.847362,1349.574833,1349.574833,True,"unstable: mode bm=256,bn=32,kfactor=16 (2/5), 4 schedules"
T-MAC W4A16,W4A16,Medium Rectangular,1024x1024x512,8,5,8.010069,5.797108,5.146798,5.483733,17.209395,64.254109,163.107276,185.220255,1349.574833,1349.574833,True,"mostly stable: bm=256,bn=32,kfactor=16 (3/5), 3 schedules"
T-MAC W4A16,W4A16,Medium Rectangular,1024x1024x512,16,5,6.204645,5.975858,0.667497,5.722364,7.374069,10.758027,174.487522,179.679943,1349.574833,1349.574833,True,"unstable: mode bm=256,bn=16,kfactor=16 (2/5), 4 schedules"
