backend,dtype,category,shape,threads,runs,total_mean_ms,total_median_ms,total_std_ms,total_min_ms,total_max_ms,cv_percent,gflops_mean,gflops_median,checksum_min,checksum_max,autotuned,active_threads_mode,schedule,schedule_unique_count,schedule_mode_count
T-MAC W2A16,W2A16,Small Square,256x256x256,1,5,0.322227,0.322085,0.000362,0.321904,0.322635,0.112374,104.133005,104.178810,2031.432714,2031.432714,True,1,"unstable: bm=128,bn=64,kfactor=16 (2/5), 4 schedule(s)",4,2
T-MAC W2A16,W2A16,Small Square,256x256x256,2,5,0.259106,0.258743,0.000744,0.258445,0.260274,0.287332,129.501645,129.682473,2031.432714,2031.432714,True,2,"mostly stable: bm=512,bn=32,kfactor=16 (3/5), 3 schedule(s)",3,3
T-MAC W2A16,W2A16,Small Square,256x256x256,4,5,0.160655,0.160773,0.000715,0.159473,0.161313,0.445225,208.863504,208.706885,2031.432714,2031.432714,True,4,"unstable: bm=512,bn=16,kfactor=16 (2/5), 4 schedule(s)",4,2
T-MAC W2A16,W2A16,Small Square,256x256x256,8,5,0.165261,0.163872,0.002841,0.162803,0.169883,1.719050,203.086840,204.760008,2031.432714,2031.432714,True,4,"mostly stable: bm=128,bn=64,kfactor=16 (4/5), 2 schedule(s)",2,4
T-MAC W2A16,W2A16,Small Square,256x256x256,16,5,0.164298,0.163932,0.001040,0.163102,0.165533,0.633199,204.235392,204.685065,2031.432714,2031.432714,True,4,"stable: bm=128,bn=64,kfactor=16 (5/5), 1 schedule(s)",1,5
T-MAC W2A16,W2A16,Medium Square,1024x1024x1024,1,5,18.139711,18.164943,0.202626,17.934190,18.419665,1.117029,118.397557,118.221326,-10252.259860,-10252.259860,True,1,"mostly stable: bm=128,bn=64,kfactor=16 (3/5), 2 schedule(s)",2,3
T-MAC W2A16,W2A16,Medium Square,1024x1024x1024,2,5,12.663062,12.662394,0.024724,12.626849,12.693581,0.195243,169.586966,169.595390,-10252.259860,-10252.259860,True,2,"mostly stable: bm=128,bn=64,kfactor=16 (3/5), 2 schedule(s)",2,3
T-MAC W2A16,W2A16,Medium Square,1024x1024x1024,4,5,6.459788,6.453994,0.036363,6.422066,6.514988,0.562921,332.447112,332.737162,-10252.259860,-10252.259860,True,4,"unstable: bm=128,bn=64,kfactor=16 (2/5), 3 schedule(s)",3,2
T-MAC W2A16,W2A16,Medium Square,1024x1024x1024,8,5,6.635961,6.630498,0.013665,6.623516,6.656861,0.205922,323.614176,323.879692,-10252.259860,-10252.259860,True,8,"mostly stable: bm=128,bn=32,kfactor=16 (4/5), 2 schedule(s)",2,4
T-MAC W2A16,W2A16,Medium Square,1024x1024x1024,16,5,5.613421,5.533602,0.255356,5.341580,5.921905,4.549034,383.190960,388.080612,-10252.259860,-10252.259860,True,16,"mostly stable: bm=128,bn=32,kfactor=16 (3/5), 3 schedule(s)",3,3
T-MAC W2A16,W2A16,Large Square,4096x4096x4096,1,5,1045.096520,1042.993979,5.505622,1041.106921,1054.700288,0.526805,131.511285,131.773487,413552.598143,413552.598143,True,1,"stable: bm=256,bn=16,kfactor=16 (5/5), 1 schedule(s)",1,5
T-MAC W2A16,W2A16,Large Square,4096x4096x4096,2,5,789.143806,789.777033,4.119200,784.835895,794.340331,0.521983,174.165910,174.022474,413552.598143,413552.598143,True,2,"stable: bm=256,bn=16,kfactor=16 (5/5), 1 schedule(s)",1,5
T-MAC W2A16,W2A16,Large Square,4096x4096x4096,4,5,369.645878,369.752552,0.753610,368.714713,370.551225,0.203874,371.813724,371.705219,413552.598143,413552.598143,True,4,"mostly stable: bm=256,bn=16,kfactor=16 (3/5), 3 schedule(s)",3,3
T-MAC W2A16,W2A16,Large Square,4096x4096x4096,8,5,361.570029,360.971359,1.413143,360.846746,364.096012,0.390835,380.121728,380.747530,413552.598143,413552.598143,True,8,"stable: bm=128,bn=16,kfactor=16 (5/5), 1 schedule(s)",1,5
T-MAC W2A16,W2A16,Large Square,4096x4096x4096,16,5,274.906149,274.715019,0.420551,274.507460,275.435124,0.152980,499.949569,500.296467,413552.598143,413552.598143,True,16,"mostly stable: bm=128,bn=16,kfactor=16 (4/5), 2 schedule(s)",2,4
T-MAC W2A16,W2A16,Rectangular,4096x1024x2048,1,5,133.132446,133.340368,0.551815,132.400268,133.721066,0.414485,129.045218,128.842221,14602.721931,14602.721931,True,1,"mostly stable: bm=256,bn=16,kfactor=16 (3/5), 3 schedule(s)",3,3
T-MAC W2A16,W2A16,Rectangular,4096x1024x2048,2,5,100.181953,100.290009,0.284465,99.715233,100.448677,0.283948,171.487776,171.301901,14602.721931,14602.721931,True,2,"unstable: bm=512,bn=64,kfactor=16 (2/5), 4 schedule(s)",4,2
T-MAC W2A16,W2A16,Rectangular,4096x1024x2048,4,5,47.394624,47.336194,0.356112,46.932901,47.926317,0.751377,362.501950,362.933048,14602.721931,14602.721931,True,4,"unstable: bm=512,bn=64,kfactor=16 (2/5), 4 schedule(s)",4,2
T-MAC W2A16,W2A16,Rectangular,4096x1024x2048,8,5,45.550841,45.636620,0.156894,45.359166,45.679359,0.344438,377.161693,376.449202,14602.721931,14602.721931,True,8,"mostly stable: bm=256,bn=16,kfactor=16 (4/5), 2 schedule(s)",2,4
T-MAC W2A16,W2A16,Rectangular,4096x1024x2048,16,5,35.729379,35.718659,0.262764,35.437596,36.024808,0.735429,480.853933,480.977441,14602.721931,14602.721931,True,16,"mostly stable: bm=256,bn=64,kfactor=16 (4/5), 2 schedule(s)",2,4
T-MAC W2A16,W2A16,Medium Rectangular,1024x1024x512,1,5,8.424095,8.418207,0.025673,8.397870,8.460771,0.304758,127.461732,127.549943,2323.015077,2323.015077,True,1,"unstable: bm=256,bn=64,kfactor=16 (1/5), 5 schedule(s)",5,1
T-MAC W2A16,W2A16,Medium Rectangular,1024x1024x512,2,5,6.451206,6.442763,0.028169,6.420720,6.496288,0.436641,166.443006,166.658594,2323.015077,2323.015077,True,2,"unstable: bm=256,bn=32,kfactor=16 (2/5), 3 schedule(s)",3,2
T-MAC W2A16,W2A16,Medium Rectangular,1024x1024x512,4,5,3.285041,3.284623,0.004360,3.279196,3.290364,0.132714,326.858428,326.899563,2323.015077,2323.015077,True,4,"mostly stable: bm=256,bn=8,kfactor=16 (3/5), 3 schedule(s)",3,3
T-MAC W2A16,W2A16,Medium Rectangular,1024x1024x512,8,5,3.319751,3.320383,0.007258,3.309963,3.329740,0.218623,323.441668,323.378907,2323.015077,2323.015077,True,8,"unstable: bm=128,bn=16,kfactor=16 (2/5), 4 schedule(s)",4,2
T-MAC W2A16,W2A16,Medium Rectangular,1024x1024x512,16,5,2.741904,2.744914,0.004231,2.736992,2.745105,0.154319,391.605231,391.175033,2323.015077,2323.015077,True,16,"mostly stable: bm=128,bn=32,kfactor=16 (3/5), 3 schedule(s)",3,3
T-MAC W3A16,W3A16,Small Square,256x256x256,1,5,0.459209,0.459788,0.001209,0.457758,0.460369,0.263315,73.070535,72.978051,1700.125044,1700.125044,True,1,"unstable: bm=192,bn=64,kfactor=16 (2/5), 4 schedule(s)",4,2
T-MAC W3A16,W3A16,Small Square,256x256x256,2,5,0.360186,0.359716,0.000772,0.359556,0.361116,0.214244,93.158862,93.280343,1700.125044,1700.125044,True,2,"mostly stable: bm=192,bn=64,kfactor=16 (3/5), 3 schedule(s)",3,3
T-MAC W3A16,W3A16,Small Square,256x256x256,4,5,0.206880,0.207024,0.000989,0.205744,0.208204,0.478094,162.195694,162.079913,1700.125044,1700.125044,True,4,"mostly stable: bm=192,bn=64,kfactor=16 (3/5), 3 schedule(s)",3,3
T-MAC W3A16,W3A16,Small Square,256x256x256,8,5,0.208544,0.208994,0.001021,0.207314,0.209624,0.489818,160.901819,160.552131,1700.125044,1700.125044,True,4,"stable: bm=192,bn=64,kfactor=16 (5/5), 1 schedule(s)",1,5
T-MAC W3A16,W3A16,Small Square,256x256x256,16,5,0.222792,0.213594,0.016514,0.207344,0.241095,7.412158,151.258717,157.094450,1700.125044,1700.125044,True,16,"mostly stable: bm=384,bn=16,kfactor=16 (3/5), 3 schedule(s)",3,3
T-MAC W3A16,W3A16,Medium Square,1024x1024x1024,1,5,24.962295,24.440586,1.208697,24.362461,27.123592,4.842092,86.180902,87.865473,-5410.264071,-5410.264071,True,1,"unstable: bm=384,bn=8,kfactor=16 (2/5), 4 schedule(s)",4,2
T-MAC W3A16,W3A16,Medium Square,1024x1024x1024,2,5,18.692156,18.704714,0.072215,18.575373,18.774661,0.386340,114.888267,114.809756,-5410.264071,-5410.264071,True,2,"unstable: bm=192,bn=16,kfactor=16 (2/5), 4 schedule(s)",4,2
T-MAC W3A16,W3A16,Medium Square,1024x1024x1024,4,5,9.159440,9.157900,0.032143,9.116633,9.192974,0.350923,234.458086,234.495206,-5410.264071,-5410.264071,True,4,"unstable: bm=384,bn=16,kfactor=16 (2/5), 3 schedule(s)",3,2
T-MAC W3A16,W3A16,Medium Square,1024x1024x1024,8,5,9.267410,9.266275,0.018237,9.250816,9.297711,0.196781,231.724963,231.752635,-5410.264071,-5410.264071,True,8,"unstable: bm=384,bn=64,kfactor=16 (1/5), 5 schedule(s)",5,1
T-MAC W3A16,W3A16,Medium Square,1024x1024x1024,16,5,7.708810,7.717369,0.210823,7.377918,7.952039,2.734831,278.744746,278.266291,-5410.264071,-5410.264071,True,16,"unstable: bm=192,bn=8,kfactor=16 (2/5), 4 schedule(s)",4,2
T-MAC W3A16,W3A16,Large Square,4096x4096x4096,1,5,1528.413080,1525.537472,7.165344,1522.727701,1540.846860,0.468809,89.924222,90.092152,401197.316422,401197.316422,True,1,"mostly stable: bm=384,bn=16,kfactor=16 (3/5), 3 schedule(s)",3,3
T-MAC W3A16,W3A16,Large Square,4096x4096x4096,2,5,1157.366524,1155.878909,4.167331,1153.360989,1163.839171,0.360070,118.752679,118.904283,401197.316422,401197.316422,True,2,"unstable: bm=192,bn=8,kfactor=16 (2/5), 4 schedule(s)",4,2
T-MAC W3A16,W3A16,Large Square,4096x4096x4096,4,5,538.892249,535.192432,8.480691,534.387448,554.035065,1.573727,255.089272,256.802872,401197.316422,401197.316422,True,4,"mostly stable: bm=384,bn=16,kfactor=16 (3/5), 3 schedule(s)",3,3
T-MAC W3A16,W3A16,Large Square,4096x4096x4096,8,5,528.050603,527.235345,1.898260,525.908874,530.059579,0.359485,260.278793,260.678566,401197.316422,401197.316422,True,8,"mostly stable: bm=192,bn=16,kfactor=16 (3/5), 2 schedule(s)",2,3
T-MAC W3A16,W3A16,Large Square,4096x4096x4096,16,5,399.183079,398.961016,0.838353,398.238245,400.293860,0.210017,344.301764,344.492188,401197.316422,401197.316422,True,16,"mostly stable: bm=192,bn=16,kfactor=16 (3/5), 2 schedule(s)",2,3
T-MAC W3A16,W3A16,Rectangular,4096x1024x2048,1,5,191.456220,190.971060,1.138049,190.512622,193.259410,0.594417,89.735150,89.960590,6093.842096,6093.842096,True,1,"mostly stable: bm=192,bn=32,kfactor=16 (4/5), 2 schedule(s)",2,4
T-MAC W3A16,W3A16,Rectangular,4096x1024x2048,2,5,143.695770,143.352917,0.790056,142.986604,145.007061,0.549811,119.560114,119.843178,6093.842096,6093.842096,True,2,"mostly stable: bm=192,bn=32,kfactor=16 (4/5), 2 schedule(s)",2,4
T-MAC W3A16,W3A16,Rectangular,4096x1024x2048,4,5,67.359032,67.211462,0.570543,66.833206,68.329701,0.847018,255.063744,255.609217,6093.842096,6093.842096,True,4,"mostly stable: bm=192,bn=32,kfactor=16 (3/5), 3 schedule(s)",3,3
T-MAC W3A16,W3A16,Rectangular,4096x1024x2048,8,5,66.265543,66.219955,0.115342,66.184272,66.465122,0.174060,259.258584,259.436437,6093.842096,6093.842096,True,8,"mostly stable: bm=192,bn=16,kfactor=16 (4/5), 2 schedule(s)",2,4
T-MAC W3A16,W3A16,Rectangular,4096x1024x2048,16,5,50.994290,50.788347,0.427459,50.561178,51.637365,0.838249,336.916748,338.263996,6093.842096,6093.842096,True,16,"unstable: bm=384,bn=8,kfactor=16 (1/5), 5 schedule(s)",5,1
T-MAC W3A16,W3A16,Medium Rectangular,1024x1024x512,1,5,12.416176,12.423117,0.021582,12.379428,12.435859,0.173822,86.479476,86.430952,2688.264268,2688.264268,True,1,"mostly stable: bm=768,bn=16,kfactor=16 (3/5), 3 schedule(s)",3,3
T-MAC W3A16,W3A16,Medium Rectangular,1024x1024x512,2,5,9.507785,9.499478,0.028443,9.486410,9.556920,0.299154,112.933711,113.031666,2688.264268,2688.264268,True,2,"unstable: bm=768,bn=16,kfactor=16 (1/5), 5 schedule(s)",5,1
T-MAC W3A16,W3A16,Medium Rectangular,1024x1024x512,4,5,4.640488,4.643847,0.011093,4.624171,4.652758,0.239048,231.386609,231.218174,2688.264268,2688.264268,True,4,"mostly stable: bm=768,bn=32,kfactor=16 (3/5), 2 schedule(s)",2,3
T-MAC W3A16,W3A16,Medium Rectangular,1024x1024x512,8,5,4.679478,4.674270,0.012760,4.667602,4.694283,0.272679,229.458951,229.713265,2688.264268,2688.264268,True,8,"unstable: bm=192,bn=16,kfactor=16 (2/5), 3 schedule(s)",3,2
T-MAC W3A16,W3A16,Medium Rectangular,1024x1024x512,16,5,3.795130,3.791776,0.018151,3.774241,3.823776,0.478260,282.931423,283.176491,2688.264268,2688.264268,True,16,"unstable: bm=384,bn=64,kfactor=16 (1/5), 5 schedule(s)",5,1
T-MAC W4A16,W4A16,Small Square,256x256x256,1,5,0.580445,0.580571,0.001214,0.578991,0.582260,0.209160,57.808358,57.795570,889.251963,889.251963,True,1,"unstable: bm=128,bn=64,kfactor=16 (2/5), 4 schedule(s)",4,2
T-MAC W4A16,W4A16,Small Square,256x256x256,2,5,0.455023,0.455328,0.001036,0.453219,0.455839,0.227674,73.742648,73.692881,889.251963,889.251963,True,2,"unstable: bm=512,bn=32,kfactor=16 (2/5), 4 schedule(s)",4,2
T-MAC W4A16,W4A16,Small Square,256x256x256,4,5,0.249397,0.249835,0.001063,0.248005,0.250325,0.426258,134.544311,134.306370,889.251963,889.251963,True,4,"unstable: bm=128,bn=32,kfactor=16 (1/5), 5 schedule(s)",5,1
T-MAC W4A16,W4A16,Small Square,256x256x256,8,5,0.253379,0.253265,0.001263,0.251545,0.254885,0.498464,132.430470,132.487442,889.251963,889.251963,True,8,"unstable: bm=256,bn=64,kfactor=16 (2/5), 4 schedule(s)",4,2
T-MAC W4A16,W4A16,Small Square,256x256x256,16,5,0.242573,0.241894,0.003004,0.240005,0.247734,1.238269,138.344126,138.715437,889.251963,889.251963,True,16,"unstable: bm=512,bn=16,kfactor=16 (2/5), 4 schedule(s)",4,2
T-MAC W4A16,W4A16,Medium Square,1024x1024x1024,1,5,32.012752,31.985418,0.113819,31.917416,32.195476,0.355542,67.082808,67.139459,-2796.425557,-2796.425557,True,1,"unstable: bm=128,bn=64,kfactor=16 (2/5), 3 schedule(s)",3,2
T-MAC W4A16,W4A16,Medium Square,1024x1024x1024,2,5,24.291187,24.275236,0.057412,24.215753,24.368520,0.236351,88.406270,88.463966,-2796.425557,-2796.425557,True,2,"stable: bm=128,bn=64,kfactor=16 (5/5), 1 schedule(s)",1,5
T-MAC W4A16,W4A16,Medium Square,1024x1024x1024,4,5,11.895015,11.834163,0.124025,11.815216,12.111978,1.042667,180.551950,181.464768,-2796.425557,-2796.425557,True,4,"stable: bm=128,bn=64,kfactor=16 (5/5), 1 schedule(s)",1,5
T-MAC W4A16,W4A16,Medium Square,1024x1024x1024,8,5,11.838774,11.835765,0.025283,11.805866,11.875893,0.213558,181.394759,181.440207,-2796.425557,-2796.425557,True,8,"mostly stable: bm=128,bn=32,kfactor=16 (3/5), 2 schedule(s)",2,3
T-MAC W4A16,W4A16,Medium Square,1024x1024x1024,16,5,9.684355,9.646320,0.136081,9.586835,9.916225,1.405167,221.782242,222.622062,-2796.425557,-2796.425557,True,16,"mostly stable: bm=128,bn=8,kfactor=16 (3/5), 3 schedule(s)",3,3
T-MAC W4A16,W4A16,Large Square,4096x4096x4096,1,5,2093.868803,2094.387532,4.284621,2088.847650,2099.893317,0.204627,65.638981,65.622504,427860.020024,427860.020024,True,1,"stable: bm=256,bn=64,kfactor=16 (5/5), 1 schedule(s)",1,5
T-MAC W4A16,W4A16,Large Square,4096x4096x4096,2,5,1590.992292,1590.032280,14.541748,1571.041539,1607.487247,0.914005,86.391466,86.437839,427860.020024,427860.020024,True,2,"mostly stable: bm=256,bn=64,kfactor=16 (3/5), 3 schedule(s)",3,3
T-MAC W4A16,W4A16,Large Square,4096x4096x4096,4,5,734.474330,735.157922,1.095056,732.993321,735.415926,0.149094,187.125938,186.951605,427860.020024,427860.020024,True,4,"mostly stable: bm=256,bn=64,kfactor=16 (3/5), 3 schedule(s)",3,3
T-MAC W4A16,W4A16,Large Square,4096x4096x4096,8,5,702.384243,703.746787,2.226494,698.864487,703.930086,0.316991,195.676458,195.296030,427860.020024,427860.020024,True,8,"unstable: bm=128,bn=16,kfactor=16 (2/5), 3 schedule(s)",3,2
T-MAC W4A16,W4A16,Large Square,4096x4096x4096,16,5,534.683000,534.600293,0.701296,533.660586,535.497432,0.131161,257.047901,257.087314,427860.020024,427860.020024,True,16,"stable: bm=128,bn=16,kfactor=16 (5/5), 1 schedule(s)",1,5
T-MAC W4A16,W4A16,Rectangular,4096x1024x2048,1,5,262.509331,261.730782,2.048780,260.958100,265.980669,0.780460,65.447958,65.639468,36416.289467,36416.289467,True,1,"mostly stable: bm=512,bn=32,kfactor=16 (4/5), 2 schedule(s)",2,4
T-MAC W4A16,W4A16,Rectangular,4096x1024x2048,2,5,199.772586,199.841624,0.613821,198.792435,200.469217,0.307260,85.997782,85.967422,36416.289467,36416.289467,True,2,"unstable: bm=128,bn=64,kfactor=16 (2/5), 4 schedule(s)",4,2
T-MAC W4A16,W4A16,Rectangular,4096x1024x2048,4,5,92.260346,92.259657,0.477617,91.820510,92.980295,0.517684,186.214742,186.212151,36416.289467,36416.289467,True,4,"unstable: bm=512,bn=64,kfactor=16 (2/5), 3 schedule(s)",3,2
T-MAC W4A16,W4A16,Rectangular,4096x1024x2048,8,5,87.519638,87.337454,0.411033,87.142308,88.080222,0.469646,196.300764,196.706778,36416.289467,36416.289467,True,8,"stable: bm=256,bn=16,kfactor=16 (5/5), 1 schedule(s)",1,5
T-MAC W4A16,W4A16,Rectangular,4096x1024x2048,16,5,67.543997,67.262203,0.422451,67.197245,68.047437,0.625446,254.358735,255.416392,36416.289467,36416.289467,True,16,"unstable: bm=256,bn=16,kfactor=16 (2/5), 3 schedule(s)",3,2
T-MAC W4A16,W4A16,Medium Rectangular,1024x1024x512,1,5,16.356559,16.375781,0.071412,16.262616,16.422839,0.436593,65.646952,65.568893,1349.574833,1349.574833,True,1,"unstable: bm=256,bn=32,kfactor=16 (2/5), 4 schedule(s)",4,2
T-MAC W4A16,W4A16,Medium Rectangular,1024x1024x512,2,5,12.412000,12.423204,0.038664,12.363135,12.460274,0.311507,86.509037,86.430346,1349.574833,1349.574833,True,2,"mostly stable: bm=256,bn=64,kfactor=16 (4/5), 2 schedule(s)",2,4
T-MAC W4A16,W4A16,Medium Rectangular,1024x1024x512,4,5,5.991224,5.991228,0.021870,5.957732,6.012232,0.365026,179.221017,179.218989,1349.574833,1349.574833,True,4,"mostly stable: bm=256,bn=64,kfactor=16 (3/5), 3 schedule(s)",3,3
T-MAC W4A16,W4A16,Medium Rectangular,1024x1024x512,8,5,5.944928,5.941969,0.015042,5.926772,5.968227,0.253029,180.615704,180.704717,1349.574833,1349.574833,True,8,"unstable: bm=128,bn=64,kfactor=16 (2/5), 4 schedule(s)",4,2
T-MAC W4A16,W4A16,Medium Rectangular,1024x1024x512,16,5,4.802472,4.764327,0.101168,4.742933,4.982711,2.106573,223.658352,225.371144,1349.574833,1349.574833,True,16,"unstable: bm=256,bn=64,kfactor=16 (2/5), 3 schedule(s)",3,2
