backend,category,shape,cpu_threads,cpu_total_ms,gpu_total_ms,gpu_speedup_x,cpu_gflops,gpu_gflops,cpu_cv_percent,gpu_cv_percent,cpu_active_threads_mode,cpu_schedule
T-MAC W2A16,Small Square,256x256x256,1,0.322085,0.006912,46.597946,104.178810,4854.518519,0.112374,6.813969,1,"unstable: bm=128,bn=64,kfactor=16 (2/5), 4 schedule(s)"
T-MAC W2A16,Small Square,256x256x256,2,0.258743,0.006912,37.433883,129.682473,4854.518519,0.287332,6.813969,2,"mostly stable: bm=512,bn=32,kfactor=16 (3/5), 3 schedule(s)"
T-MAC W2A16,Small Square,256x256x256,4,0.160773,0.006912,23.259983,208.706885,4854.518519,0.445225,6.813969,4,"unstable: bm=512,bn=16,kfactor=16 (2/5), 4 schedule(s)"
T-MAC W2A16,Small Square,256x256x256,8,0.163872,0.006912,23.708333,204.760008,4854.518519,1.719050,6.813969,4,"mostly stable: bm=128,bn=64,kfactor=16 (4/5), 2 schedule(s)"
T-MAC W2A16,Small Square,256x256x256,16,0.163932,0.006912,23.717014,204.685065,4854.518519,0.633199,6.813969,4,"stable: bm=128,bn=64,kfactor=16 (5/5), 1 schedule(s)"
T-MAC W2A16,Medium Square,1024x1024x1024,1,18.164943,0.055104,329.648356,118.221326,38971.465738,1.117029,0.969268,1,"mostly stable: bm=128,bn=64,kfactor=16 (3/5), 2 schedule(s)"
T-MAC W2A16,Medium Square,1024x1024x1024,2,12.662394,0.055104,229.790832,169.595390,38971.465738,0.195243,0.969268,2,"mostly stable: bm=128,bn=64,kfactor=16 (3/5), 2 schedule(s)"
T-MAC W2A16,Medium Square,1024x1024x1024,4,6.453994,0.055104,117.123875,332.737162,38971.465738,0.562921,0.969268,4,"unstable: bm=128,bn=64,kfactor=16 (2/5), 3 schedule(s)"
T-MAC W2A16,Medium Square,1024x1024x1024,8,6.630498,0.055104,120.326982,323.879692,38971.465738,0.205922,0.969268,8,"mostly stable: bm=128,bn=32,kfactor=16 (4/5), 2 schedule(s)"
T-MAC W2A16,Medium Square,1024x1024x1024,16,5.533602,0.055104,100.421058,388.080612,38971.465738,4.549034,0.969268,16,"mostly stable: bm=128,bn=32,kfactor=16 (3/5), 3 schedule(s)"
T-MAC W2A16,Large Square,4096x4096x4096,1,1042.993979,1.985536,525.295930,131.773487,69220.076328,0.526805,0.020225,1,"stable: bm=256,bn=16,kfactor=16 (5/5), 1 schedule(s)"
T-MAC W2A16,Large Square,4096x4096x4096,2,789.777033,1.985536,397.765154,174.022474,69220.076328,0.521983,0.020225,2,"stable: bm=256,bn=16,kfactor=16 (5/5), 1 schedule(s)"
T-MAC W2A16,Large Square,4096x4096x4096,4,369.752552,1.985536,186.223041,371.705219,69220.076328,0.203874,0.020225,4,"mostly stable: bm=256,bn=16,kfactor=16 (3/5), 3 schedule(s)"
T-MAC W2A16,Large Square,4096x4096x4096,8,360.971359,1.985536,181.800460,380.747530,69220.076328,0.390835,0.020225,8,"stable: bm=128,bn=16,kfactor=16 (5/5), 1 schedule(s)"
T-MAC W2A16,Large Square,4096x4096x4096,16,274.715019,1.985536,138.358115,500.296467,69220.076328,0.152980,0.020225,16,"mostly stable: bm=128,bn=16,kfactor=16 (4/5), 2 schedule(s)"
T-MAC W2A16,Rectangular,4096x1024x2048,1,133.340368,0.277504,480.498905,128.842221,61908.546125,0.414485,0.000000,1,"mostly stable: bm=256,bn=16,kfactor=16 (3/5), 3 schedule(s)"
T-MAC W2A16,Rectangular,4096x1024x2048,2,100.290009,0.277504,361.400228,171.301901,61908.546125,0.283948,0.000000,2,"unstable: bm=512,bn=64,kfactor=16 (2/5), 4 schedule(s)"
T-MAC W2A16,Rectangular,4096x1024x2048,4,47.336194,0.277504,170.578420,362.933048,61908.546125,0.751377,0.000000,4,"unstable: bm=512,bn=64,kfactor=16 (2/5), 4 schedule(s)"
T-MAC W2A16,Rectangular,4096x1024x2048,8,45.636620,0.277504,164.453918,376.449202,61908.546125,0.344438,0.000000,8,"mostly stable: bm=256,bn=16,kfactor=16 (4/5), 2 schedule(s)"
T-MAC W2A16,Rectangular,4096x1024x2048,16,35.718659,0.277504,128.714033,480.977441,61908.546125,0.735429,0.000000,16,"mostly stable: bm=256,bn=64,kfactor=16 (4/5), 2 schedule(s)"
T-MAC W2A16,Medium Rectangular,1024x1024x512,1,8.418207,0.032768,256.903290,127.549943,32768.000000,0.304758,0.000000,1,"unstable: bm=256,bn=64,kfactor=16 (1/5), 5 schedule(s)"
T-MAC W2A16,Medium Rectangular,1024x1024x512,2,6.442763,0.032768,196.617523,166.658594,32768.000000,0.436641,0.000000,2,"unstable: bm=256,bn=32,kfactor=16 (2/5), 3 schedule(s)"
T-MAC W2A16,Medium Rectangular,1024x1024x512,4,3.284623,0.032768,100.238739,326.899563,32768.000000,0.132714,0.000000,4,"mostly stable: bm=256,bn=8,kfactor=16 (3/5), 3 schedule(s)"
T-MAC W2A16,Medium Rectangular,1024x1024x512,8,3.320383,0.032768,101.330048,323.378907,32768.000000,0.218623,0.000000,8,"unstable: bm=128,bn=16,kfactor=16 (2/5), 4 schedule(s)"
T-MAC W2A16,Medium Rectangular,1024x1024x512,16,2.744914,0.032768,83.768127,391.175033,32768.000000,0.154319,0.000000,16,"mostly stable: bm=128,bn=32,kfactor=16 (3/5), 3 schedule(s)"
T-MAC W3A16,Small Square,256x256x256,1,0.459788,0.006912,66.520255,72.978051,4854.518519,0.263315,6.813969,1,"unstable: bm=192,bn=64,kfactor=16 (2/5), 4 schedule(s)"
T-MAC W3A16,Small Square,256x256x256,2,0.359716,0.006912,52.042245,93.280343,4854.518519,0.214244,6.813969,2,"mostly stable: bm=192,bn=64,kfactor=16 (3/5), 3 schedule(s)"
T-MAC W3A16,Small Square,256x256x256,4,0.207024,0.006912,29.951389,162.079913,4854.518519,0.478094,6.813969,4,"mostly stable: bm=192,bn=64,kfactor=16 (3/5), 3 schedule(s)"
T-MAC W3A16,Small Square,256x256x256,8,0.208994,0.006912,30.236400,160.552131,4854.518519,0.489818,6.813969,4,"stable: bm=192,bn=64,kfactor=16 (5/5), 1 schedule(s)"
T-MAC W3A16,Small Square,256x256x256,16,0.213594,0.006912,30.901910,157.094450,4854.518519,7.412158,6.813969,16,"mostly stable: bm=384,bn=16,kfactor=16 (3/5), 3 schedule(s)"
T-MAC W3A16,Medium Square,1024x1024x1024,1,24.440586,0.055104,443.535605,87.865473,38971.465738,4.842092,0.969268,1,"unstable: bm=384,bn=8,kfactor=16 (2/5), 4 schedule(s)"
T-MAC W3A16,Medium Square,1024x1024x1024,2,18.704714,0.055104,339.443852,114.809756,38971.465738,0.386340,0.969268,2,"unstable: bm=192,bn=16,kfactor=16 (2/5), 4 schedule(s)"
T-MAC W3A16,Medium Square,1024x1024x1024,4,9.157900,0.055104,166.193017,234.495206,38971.465738,0.350923,0.969268,4,"unstable: bm=384,bn=16,kfactor=16 (2/5), 3 schedule(s)"
T-MAC W3A16,Medium Square,1024x1024x1024,8,9.266275,0.055104,168.159752,231.752635,38971.465738,0.196781,0.969268,8,"unstable: bm=384,bn=64,kfactor=16 (1/5), 5 schedule(s)"
T-MAC W3A16,Medium Square,1024x1024x1024,16,7.717369,0.055104,140.050976,278.266291,38971.465738,2.734831,0.969268,16,"unstable: bm=192,bn=8,kfactor=16 (2/5), 4 schedule(s)"
T-MAC W3A16,Large Square,4096x4096x4096,1,1525.537472,1.985536,768.325264,90.092152,69220.076328,0.468809,0.020225,1,"mostly stable: bm=384,bn=16,kfactor=16 (3/5), 3 schedule(s)"
T-MAC W3A16,Large Square,4096x4096x4096,2,1155.878909,1.985536,582.149560,118.904283,69220.076328,0.360070,0.020225,2,"unstable: bm=192,bn=8,kfactor=16 (2/5), 4 schedule(s)"
T-MAC W3A16,Large Square,4096x4096x4096,4,535.192432,1.985536,269.545570,256.802872,69220.076328,1.573727,0.020225,4,"mostly stable: bm=384,bn=16,kfactor=16 (3/5), 3 schedule(s)"
T-MAC W3A16,Large Square,4096x4096x4096,8,527.235345,1.985536,265.538044,260.678566,69220.076328,0.359485,0.020225,8,"mostly stable: bm=192,bn=16,kfactor=16 (3/5), 2 schedule(s)"
T-MAC W3A16,Large Square,4096x4096x4096,16,398.961016,1.985536,200.933660,344.492188,69220.076328,0.210017,0.020225,16,"mostly stable: bm=192,bn=16,kfactor=16 (3/5), 2 schedule(s)"
T-MAC W3A16,Rectangular,4096x1024x2048,1,190.971060,0.277504,688.174080,89.960590,61908.546125,0.594417,0.000000,1,"mostly stable: bm=192,bn=32,kfactor=16 (4/5), 2 schedule(s)"
T-MAC W3A16,Rectangular,4096x1024x2048,2,143.352917,0.277504,516.579642,119.843178,61908.546125,0.549811,0.000000,2,"mostly stable: bm=192,bn=32,kfactor=16 (4/5), 2 schedule(s)"
T-MAC W3A16,Rectangular,4096x1024x2048,4,67.211462,0.277504,242.199975,255.609217,61908.546125,0.847018,0.000000,4,"mostly stable: bm=192,bn=32,kfactor=16 (3/5), 3 schedule(s)"
T-MAC W3A16,Rectangular,4096x1024x2048,8,66.219955,0.277504,238.627029,259.436437,61908.546125,0.174060,0.000000,8,"mostly stable: bm=192,bn=16,kfactor=16 (4/5), 2 schedule(s)"
T-MAC W3A16,Rectangular,4096x1024x2048,16,50.788347,0.277504,183.018432,338.263996,61908.546125,0.838249,0.000000,16,"unstable: bm=384,bn=8,kfactor=16 (1/5), 5 schedule(s)"
T-MAC W3A16,Medium Rectangular,1024x1024x512,1,12.423117,0.032768,379.123444,86.430952,32768.000000,0.173822,0.000000,1,"mostly stable: bm=768,bn=16,kfactor=16 (3/5), 3 schedule(s)"
T-MAC W3A16,Medium Rectangular,1024x1024x512,2,9.499478,0.032768,289.901062,113.031666,32768.000000,0.299154,0.000000,2,"unstable: bm=768,bn=16,kfactor=16 (1/5), 5 schedule(s)"
T-MAC W3A16,Medium Rectangular,1024x1024x512,4,4.643847,0.032768,141.718964,231.218174,32768.000000,0.239048,0.000000,4,"mostly stable: bm=768,bn=32,kfactor=16 (3/5), 2 schedule(s)"
T-MAC W3A16,Medium Rectangular,1024x1024x512,8,4.674270,0.032768,142.647400,229.713265,32768.000000,0.272679,0.000000,8,"unstable: bm=192,bn=16,kfactor=16 (2/5), 3 schedule(s)"
T-MAC W3A16,Medium Rectangular,1024x1024x512,16,3.791776,0.032768,115.715820,283.176491,32768.000000,0.478260,0.000000,16,"unstable: bm=384,bn=64,kfactor=16 (1/5), 5 schedule(s)"
T-MAC W4A16,Small Square,256x256x256,1,0.580571,0.006912,83.994647,57.795570,4854.518519,0.209160,6.813969,1,"unstable: bm=128,bn=64,kfactor=16 (2/5), 4 schedule(s)"
T-MAC W4A16,Small Square,256x256x256,2,0.455328,0.006912,65.875000,73.692881,4854.518519,0.227674,6.813969,2,"unstable: bm=512,bn=32,kfactor=16 (2/5), 4 schedule(s)"
T-MAC W4A16,Small Square,256x256x256,4,0.249835,0.006912,36.145110,134.306370,4854.518519,0.426258,6.813969,4,"unstable: bm=128,bn=32,kfactor=16 (1/5), 5 schedule(s)"
T-MAC W4A16,Small Square,256x256x256,8,0.253265,0.006912,36.641348,132.487442,4854.518519,0.498464,6.813969,8,"unstable: bm=256,bn=64,kfactor=16 (2/5), 4 schedule(s)"
T-MAC W4A16,Small Square,256x256x256,16,0.241894,0.006912,34.996238,138.715437,4854.518519,1.238269,6.813969,16,"unstable: bm=512,bn=16,kfactor=16 (2/5), 4 schedule(s)"
T-MAC W4A16,Medium Square,1024x1024x1024,1,31.985418,0.055104,580.455466,67.139459,38971.465738,0.355542,0.969268,1,"unstable: bm=128,bn=64,kfactor=16 (2/5), 3 schedule(s)"
T-MAC W4A16,Medium Square,1024x1024x1024,2,24.275236,0.055104,440.534916,88.463966,38971.465738,0.236351,0.969268,2,"stable: bm=128,bn=64,kfactor=16 (5/5), 1 schedule(s)"
T-MAC W4A16,Medium Square,1024x1024x1024,4,11.834163,0.055104,214.760507,181.464768,38971.465738,1.042667,0.969268,4,"stable: bm=128,bn=64,kfactor=16 (5/5), 1 schedule(s)"
T-MAC W4A16,Medium Square,1024x1024x1024,8,11.835765,0.055104,214.789580,181.440207,38971.465738,0.213558,0.969268,8,"mostly stable: bm=128,bn=32,kfactor=16 (3/5), 2 schedule(s)"
T-MAC W4A16,Medium Square,1024x1024x1024,16,9.646320,0.055104,175.056620,222.622062,38971.465738,1.405167,0.969268,16,"mostly stable: bm=128,bn=8,kfactor=16 (3/5), 3 schedule(s)"
T-MAC W4A16,Large Square,4096x4096x4096,1,2094.387532,1.985536,1054.822240,65.622504,69220.076328,0.204627,0.020225,1,"stable: bm=256,bn=64,kfactor=16 (5/5), 1 schedule(s)"
T-MAC W4A16,Large Square,4096x4096x4096,2,1590.032280,1.985536,800.807580,86.437839,69220.076328,0.914005,0.020225,2,"mostly stable: bm=256,bn=64,kfactor=16 (3/5), 3 schedule(s)"
T-MAC W4A16,Large Square,4096x4096x4096,4,735.157922,1.985536,370.256657,186.951605,69220.076328,0.149094,0.020225,4,"mostly stable: bm=256,bn=64,kfactor=16 (3/5), 3 schedule(s)"
T-MAC W4A16,Large Square,4096x4096x4096,8,703.746787,1.985536,354.436680,195.296030,69220.076328,0.316991,0.020225,8,"unstable: bm=128,bn=16,kfactor=16 (2/5), 3 schedule(s)"
T-MAC W4A16,Large Square,4096x4096x4096,16,534.600293,1.985536,269.247343,257.087314,69220.076328,0.131161,0.020225,16,"stable: bm=128,bn=16,kfactor=16 (5/5), 1 schedule(s)"
T-MAC W4A16,Rectangular,4096x1024x2048,1,261.730782,0.277504,943.160394,65.639468,61908.546125,0.780460,0.000000,1,"mostly stable: bm=512,bn=32,kfactor=16 (4/5), 2 schedule(s)"
T-MAC W4A16,Rectangular,4096x1024x2048,2,199.841624,0.277504,720.139616,85.967422,61908.546125,0.307260,0.000000,2,"unstable: bm=128,bn=64,kfactor=16 (2/5), 4 schedule(s)"
T-MAC W4A16,Rectangular,4096x1024x2048,4,92.259657,0.277504,332.462440,186.212151,61908.546125,0.517684,0.000000,4,"unstable: bm=512,bn=64,kfactor=16 (2/5), 3 schedule(s)"
T-MAC W4A16,Rectangular,4096x1024x2048,8,87.337454,0.277504,314.725027,196.706778,61908.546125,0.469646,0.000000,8,"stable: bm=256,bn=16,kfactor=16 (5/5), 1 schedule(s)"
T-MAC W4A16,Rectangular,4096x1024x2048,16,67.262203,0.277504,242.382823,255.416392,61908.546125,0.625446,0.000000,16,"unstable: bm=256,bn=16,kfactor=16 (2/5), 3 schedule(s)"
T-MAC W4A16,Medium Rectangular,1024x1024x512,1,16.375781,0.032768,499.749176,65.568893,32768.000000,0.436593,0.000000,1,"unstable: bm=256,bn=32,kfactor=16 (2/5), 4 schedule(s)"
T-MAC W4A16,Medium Rectangular,1024x1024x512,2,12.423204,0.032768,379.126099,86.430346,32768.000000,0.311507,0.000000,2,"mostly stable: bm=256,bn=64,kfactor=16 (4/5), 2 schedule(s)"
T-MAC W4A16,Medium Rectangular,1024x1024x512,4,5.991228,0.032768,182.837769,179.218989,32768.000000,0.365026,0.000000,4,"mostly stable: bm=256,bn=64,kfactor=16 (3/5), 3 schedule(s)"
T-MAC W4A16,Medium Rectangular,1024x1024x512,8,5.941969,0.032768,181.334503,180.704717,32768.000000,0.253029,0.000000,8,"unstable: bm=128,bn=64,kfactor=16 (2/5), 4 schedule(s)"
T-MAC W4A16,Medium Rectangular,1024x1024x512,16,4.764327,0.032768,145.395721,225.371144,32768.000000,2.106573,0.000000,16,"unstable: bm=256,bn=64,kfactor=16 (2/5), 3 schedule(s)"
